{
	"markers": [
		{
			"markerType": "junction",
			"markerId": "1028",
			"markerName": "OAK618",
			"markerPoint": [
				3525.0,
				605.0
			]
		},
		{
			"markerType": "junction",
			"markerId": "1196",
			"markerName": "CFD407",
			"markerPoint": [
				82.0,
				875.0
			]
		},
		{
			"markerType": "junction",
			"markerId": "1184",
			"markerName": "CFD416",
			"markerPoint": [
				192.0,
				875.0
			]
		},
		{
			"markerType": "junction",
			"markerId": "1183",
			"markerName": "CFD417",
			"markerPoint": [
				340.0,
				605.0
			]
		},
		{
			"markerType": "junction",
			"markerId": "1382",
			"markerName": "WFY639",
			"markerPoint": [
				-8235.0,
				605.0
			]
		},
		{
			"markerType": "junction",
			"markerId": "1251",
			"markerName": "HKN635",
			"markerPoint": [
				-1767.0,
				605.0
			]
		},
		{
			"markerType": "junction",
			"markerId": "1248",
			"markerName": "SYR623",
			"markerPoint": [
				-2509.0,
				875.0
			]
		},
		{
			"markerType": "junction",
			"markerId": "1444",
			"markerName": "FSY660",
			"markerPoint": [
				-7413.0,
				605.0
			]
		},
		{
			"markerType": "junction",
			"markerId": "1438",
			"markerName": "MFY650",
			"markerPoint": [
				-7734.0,
				875.0
			]
		},
		{
			"markerType": "junction",
			"markerId": "1383",
			"markerName": "WFY638",
			"markerPoint": [
				-8271.0,
				750.0
			]
		},
		{
			"markerType": "junction",
			"markerId": "1195",
			"markerName": "CFD406",
			"markerPoint": [
				-79.0,
				605.0
			]
		},
		{
			"markerType": "junction",
			"markerId": "1450",
			"markerName": "FSY661",
			"markerPoint": [
				-7342.0,
				875.0
			]
		},
		{
			"markerType": "junction",
			"markerId": "1722",
			"markerName": "WTL641D",
			"markerPoint": [
				6099.0,
				290.0
			]
		},
		{
			"markerType": "junction",
			"markerId": "1421",
			"markerName": "WFY647",
			"markerPoint": [
				-7865.0,
				875.0
			]
		},
		{
			"markerType": "junction",
			"markerId": "1726",
			"markerName": "WTL641U",
			"markerPoint": [
				6037.0,
				410.0
			]
		},
		{
			"markerType": "junction",
			"markerId": "1719",
			"markerName": "WTL651",
			"markerPoint": [
				6031.0,
				290.0
			]
		},
		{
			"markerType": "junction",
			"markerId": "1158",
			"markerName": "CFD424",
			"markerPoint": [
				882.0,
				875.0
			]
		},
		{
			"markerType": "junction",
			"markerId": "1434",
			"markerName": "MFY651",
			"markerPoint": [
				-7664.0,
				605.0
			]
		},
		{
			"markerType": "junction",
			"markerId": "1717",
			"markerName": "WTL631D",
			"markerPoint": [
				6012.0,
				290.0
			]
		},
		{
			"markerType": "junction",
			"markerId": "1249",
			"markerName": "HKN628",
			"markerPoint": [
				-2101.0,
				605.0
			]
		},
		{
			"markerType": "junction",
			"markerId": "1252",
			"markerName": "HKN634",
			"markerPoint": [
				-1892.0,
				875.0
			]
		},
		{
			"markerType": "junction",
			"markerId": "1011",
			"markerName": "OAK604",
			"markerPoint": [
				2487.0,
				605.0
			]
		},
		{
			"markerType": "junction",
			"markerId": "1070",
			"markerName": "OAK617",
			"markerPoint": [
				3422.0,
				875.0
			]
		},
		{
			"markerType": "junction",
			"markerId": "1667",
			"markerName": "CLA745T",
			"markerPoint": [
				5154.0,
				875.0
			]
		},
		{
			"markerType": "junction",
			"markerId": "1137",
			"markerName": "CFD425",
			"markerPoint": [
				986.0,
				605.0
			]
		},
		{
			"markerType": "junction",
			"markerId": "1247",
			"markerName": "SYR621",
			"markerPoint": [
				-2694.0,
				605.0
			]
		},
		{
			"markerType": "junction",
			"markerId": "1250",
			"markerName": "HKN629",
			"markerPoint": [
				-2003.0,
				875.0
			]
		},
		{
			"markerType": "junction",
			"markerId": "1381",
			"markerName": "WFY630",
			"markerPoint": [
				-8509.0,
				605.0
			]
		},
		{
			"markerType": "junction",
			"markerId": "1384",
			"markerName": "WFY633",
			"markerPoint": [
				-8421.0,
				750.0
			]
		},
		{
			"markerType": "junction",
			"markerId": "1400",
			"markerName": "WFY632",
			"markerPoint": [
				-8447.0,
				875.0
			]
		},
		{
			"markerType": "junction",
			"markerId": "1406",
			"markerName": "WFY648",
			"markerPoint": [
				-7851.0,
				605.0
			]
		},
		{
			"markerType": "junction",
			"markerId": "1414",
			"markerName": "WFY646",
			"markerPoint": [
				-7909.0,
				750.0
			]
		},
		{
			"markerType": "junction",
			"markerId": "1469",
			"markerName": "SKN688",
			"markerPoint": [
				-6993.0,
				605.0
			]
		},
		{
			"markerType": "junction",
			"markerId": "1668",
			"markerName": "WTL625",
			"markerPoint": [
				5245.0,
				605.0
			]
		},
		{
			"markerType": "junction",
			"markerId": "1484",
			"markerName": "SKN687",
			"markerPoint": [
				-6834.0,
				875.0
			]
		},
		{
			"markerType": "junction",
			"markerId": "1666",
			"markerName": "CLA742T",
			"markerPoint": [
				5153.0,
				605.0
			]
		},
		{
			"markerType": "junction",
			"markerId": "1674",
			"markerName": "WTL624U",
			"markerPoint": [
				5241.0,
				875.0
			]
		},
		{
			"markerType": "junction",
			"markerId": "1678",
			"markerName": "WTL624D",
			"markerPoint": [
				5327.0,
				605.0
			]
		},
		{
			"markerType": "junction",
			"markerId": "1681",
			"markerName": "WTL633D",
			"markerPoint": [
				5924.0,
				410.0
			]
		},
		{
			"markerType": "junction",
			"markerId": "1682",
			"markerName": "WTL635D",
			"markerPoint": [
				5839.0,
				605.0
			]
		},
		{
			"markerType": "junction",
			"markerId": "1686",
			"markerName": "WTL633U",
			"markerPoint": [
				5864.0,
				605.0
			]
		},
		{
			"markerType": "junction",
			"markerId": "1688",
			"markerName": "WTL637D",
			"markerPoint": [
				6329.0,
				605.0
			]
		},
		{
			"markerType": "junction",
			"markerId": "1693",
			"markerName": "WTL635U",
			"markerPoint": [
				5706.0,
				875.0
			]
		},
		{
			"markerType": "junction",
			"markerId": "1698",
			"markerName": "WTL671D",
			"markerPoint": [
				6707.0,
				875.0
			]
		},
		{
			"markerType": "junction",
			"markerId": "1704",
			"markerName": "WTL676D",
			"markerPoint": [
				6475.0,
				605.0
			]
		},
		{
			"markerType": "junction",
			"markerId": "1708",
			"markerName": "WTL671U",
			"markerPoint": [
				6507.0,
				605.0
			]
		},
		{
			"markerType": "junction",
			"markerId": "1715",
			"markerName": "WTL631U",
			"markerPoint": [
				5924.0,
				410.0
			]
		},
		{
			"markerType": "junction",
			"markerId": "1724",
			"markerName": "WTL643U",
			"markerPoint": [
				6161.0,
				290.0
			]
		},
		{
			"markerType": "junction",
			"markerId": "1730",
			"markerName": "WTL643D",
			"markerPoint": [
				6195.0,
				410.0
			]
		},
		{
			"markerType": "junction",
			"markerId": "1733",
			"markerName": "WTL637U",
			"markerPoint": [
				6217.0,
				410.0
			]
		},
		{
			"markerType": "junction",
			"markerId": "1737",
			"markerName": "WTL667D",
			"markerPoint": [
				6317.0,
				410.0
			]
		},
		{
			"markerType": "junction",
			"markerId": "1738",
			"markerName": "WTL648",
			"markerPoint": [
				6277.0,
				410.0
			]
		},
		{
			"markerType": "junction",
			"markerId": "1742",
			"markerName": "WTL676U",
			"markerPoint": [
				6362.0,
				410.0
			]
		},
		{
			"markerType": "junction",
			"markerId": "1744",
			"markerName": "WTL667U",
			"markerPoint": [
				6256.0,
				290.0
			]
		},
		{
			"markerType": "junction",
			"markerId": "1054",
			"markerName": "OAK603",
			"markerPoint": [
				2394.0,
				875.0
			]
		},
		{
			"markerType": "timetableLoc",
			"markerId": "1825",
			"markerName": "DMA002",
			"markerPoint": [
				-3617.0,
				565.0
			]
		},
		{
			"markerType": "timetableLoc",
			"markerId": "1812",
			"markerName": "WTL003",
			"markerPoint": [
				5502.0,
				500.0
			]
		},
		{
			"markerType": "timetableLoc",
			"markerId": "1804",
			"markerName": "SNP002",
			"markerPoint": [
				7259.0,
				565.0
			]
		},
		{
			"markerType": "timetableLoc",
			"markerId": "1801",
			"markerName": "SPG002",
			"markerPoint": [
				6863.0,
				565.0
			]
		},
		{
			"markerType": "timetableLoc",
			"markerId": "1663",
			"markerName": "DMA001",
			"markerPoint": [
				-3590.0,
				915.0
			]
		},
		{
			"markerType": "timetableLoc",
			"markerId": "1791",
			"markerName": "SNP001",
			"markerPoint": [
				7278.0,
				915.0
			]
		},
		{
			"markerType": "timetableLoc",
			"markerId": "1376",
			"markerName": "MAL003",
			"markerPoint": [
				-338.0,
				915.0
			]
		},
		{
			"markerType": "timetableLoc",
			"markerId": "1657",
			"markerName": "TSC001",
			"markerPoint": [
				-4307.0,
				915.0
			]
		},
		{
			"markerType": "timetableLoc",
			"markerId": "1651",
			"markerName": "TNC001",
			"markerPoint": [
				-4869.0,
				915.0
			]
		},
		{
			"markerType": "timetableLoc",
			"markerId": "1242",
			"markerName": "HUG001",
			"markerPoint": [
				2057.0,
				915.0
			]
		},
		{
			"markerType": "timetableLoc",
			"markerId": "1648",
			"markerName": "TNC002",
			"markerPoint": [
				-4877.0,
				565.0
			]
		},
		{
			"markerType": "timetableLoc",
			"markerId": "1239",
			"markerName": "HUG002",
			"markerPoint": [
				2042.0,
				565.0
			]
		},
		{
			"markerType": "timetableLoc",
			"markerId": "1431",
			"markerName": "WFY003",
			"markerPoint": [
				-8071.0,
				915.0
			]
		},
		{
			"markerType": "timetableLoc",
			"markerId": "1124",
			"markerName": "HUN002",
			"markerPoint": [
				3849.0,
				565.0
			]
		},
		{
			"markerType": "timetableLoc",
			"markerId": "1772",
			"markerName": "WTL002",
			"markerPoint": [
				5502.0,
				565.0
			]
		},
		{
			"markerType": "timetableLoc",
			"markerId": "1822",
			"markerName": "TSC002",
			"markerPoint": [
				-4309.0,
				565.0
			]
		},
		{
			"markerType": "timetableLoc",
			"markerId": "1521",
			"markerName": "WFY002",
			"markerPoint": [
				-8083.0,
				725.0
			]
		},
		{
			"markerType": "timetableLoc",
			"markerId": "1227",
			"markerName": "CNE001",
			"markerPoint": [
				1222.0,
				915.0
			]
		},
		{
			"markerType": "timetableLoc",
			"markerId": "1636",
			"markerName": "AEN002",
			"markerPoint": [
				-6114.0,
				565.0
			]
		},
		{
			"markerType": "timetableLoc",
			"markerId": "1230",
			"markerName": "MRB002",
			"markerPoint": [
				1645.0,
				565.0
			]
		},
		{
			"markerType": "timetableLoc",
			"markerId": "1639",
			"markerName": "AEN001",
			"markerPoint": [
				-6127.0,
				915.0
			]
		},
		{
			"markerType": "timetableLoc",
			"markerId": "1233",
			"markerName": "MRB001",
			"markerPoint": [
				1655.0,
				915.0
			]
		},
		{
			"markerType": "timetableLoc",
			"markerId": "1642",
			"markerName": "PKV002",
			"markerPoint": [
				-5487.0,
				565.0
			]
		},
		{
			"markerType": "timetableLoc",
			"markerId": "1460",
			"markerName": "MFY001",
			"markerPoint": [
				-7536.0,
				565.0
			]
		},
		{
			"markerType": "timetableLoc",
			"markerId": "1499",
			"markerName": "FSY001",
			"markerPoint": [
				-7216.0,
				565.0
			]
		},
		{
			"markerType": "timetableLoc",
			"markerId": "1118",
			"markerName": "OAK002",
			"markerPoint": [
				3038.0,
				565.0
			]
		},
		{
			"markerType": "timetableLoc",
			"markerId": "1127",
			"markerName": "HUN001",
			"markerPoint": [
				3861.0,
				915.0
			]
		},
		{
			"markerType": "timetableLoc",
			"markerId": "1133",
			"markerName": "CLA001",
			"markerPoint": [
				4549.0,
				915.0
			]
		},
		{
			"markerType": "timetableLoc",
			"markerId": "1346",
			"markerName": "SYR006",
			"markerPoint": [
				-2882.0,
				1058.0
			]
		},
		{
			"markerType": "timetableLoc",
			"markerId": "1788",
			"markerName": "SPG001",
			"markerPoint": [
				6891.0,
				915.0
			]
		},
		{
			"markerType": "timetableLoc",
			"markerId": "1463",
			"markerName": "MFY002",
			"markerPoint": [
				-7517.0,
				915.0
			]
		},
		{
			"markerType": "timetableLoc",
			"markerId": "1121",
			"markerName": "OAK001",
			"markerPoint": [
				3054.0,
				915.0
			]
		},
		{
			"markerType": "timetableLoc",
			"markerId": "1218",
			"markerName": "CFD004",
			"markerPoint": [
				575.0,
				565.0
			]
		},
		{
			"markerType": "timetableLoc",
			"markerId": "1221",
			"markerName": "CFD003",
			"markerPoint": [
				583.0,
				915.0
			]
		},
		{
			"markerType": "timetableLoc",
			"markerId": "1224",
			"markerName": "CNE002",
			"markerPoint": [
				1222.0,
				565.0
			]
		},
		{
			"markerType": "timetableLoc",
			"markerId": "1645",
			"markerName": "PKV001",
			"markerPoint": [
				-5475.0,
				915.0
			]
		},
		{
			"markerType": "timetableLoc",
			"markerId": "1236",
			"markerName": "CLA002",
			"markerPoint": [
				4528.0,
				565.0
			]
		},
		{
			"markerType": "timetableLoc",
			"markerId": "1349",
			"markerName": "SYR005",
			"markerPoint": [
				-2597.0,
				1154.0
			]
		},
		{
			"markerType": "timetableLoc",
			"markerId": "1352",
			"markerName": "HKN004",
			"markerPoint": [
				-1568.0,
				565.0
			]
		},
		{
			"markerType": "timetableLoc",
			"markerId": "1355",
			"markerName": "HKN003",
			"markerPoint": [
				-1535.0,
				915.0
			]
		},
		{
			"markerType": "timetableLoc",
			"markerId": "1358",
			"markerName": "TOR004",
			"markerPoint": [
				-1126.0,
				565.0
			]
		},
		{
			"markerType": "timetableLoc",
			"markerId": "1361",
			"markerName": "ARM004",
			"markerPoint": [
				-723.0,
				565.0
			]
		},
		{
			"markerType": "timetableLoc",
			"markerId": "1367",
			"markerName": "ARM003",
			"markerPoint": [
				-709.0,
				915.0
			]
		},
		{
			"markerType": "timetableLoc",
			"markerId": "1779",
			"markerName": "WTL001",
			"markerPoint": [
				5503.0,
				915.0
			]
		},
		{
			"markerType": "timetableLoc",
			"markerId": "1370",
			"markerName": "TOR003",
			"markerPoint": [
				-1099.0,
				915.0
			]
		},
		{
			"markerType": "timetableLoc",
			"markerId": "1373",
			"markerName": "MAL004",
			"markerPoint": [
				-358.0,
				565.0
			]
		},
		{
			"markerType": "timetableLoc",
			"markerId": "1411",
			"markerName": "WFY001",
			"markerPoint": [
				-8083.0,
				565.0
			]
		},
		{
			"markerType": "timetableLoc",
			"markerId": "1502",
			"markerName": "FSY002",
			"markerPoint": [
				-7198.0,
				915.0
			]
		},
		{
			"markerType": "endofline",
			"markerId": "1863",
			"markerName": "EOL_WTL667U_RIGHT",
			"markerPoint": [
				6243.0,
				291.0
			]
		},
		{
			"markerType": "endofline",
			"markerId": "1245",
			"markerName": "EOL_SYR604T",
			"markerPoint": [
				-3029.0,
				1276.0
			]
		},
		{
			"markerType": "endofline",
			"markerId": "1857",
			"markerName": "EOL_LEFT_631D",
			"markerPoint": [
				6007.0,
				285.0
			]
		},
		{
			"markerType": "endofline",
			"markerId": "1859",
			"markerName": "EOL_UP_WTL651",
			"markerPoint": [
				6028.0,
				284.0
			]
		},
		{
			"markerType": "endofline",
			"markerId": "1246",
			"markerName": "EOL_SYR707T",
			"markerPoint": [
				-2737.0,
				1330.0
			]
		},
		{
			"markerType": "endofline",
			"markerId": "1754",
			"markerName": "EOL_675T",
			"markerPoint": [
				7443.0,
				875.0
			]
		},
		{
			"markerType": "endofline",
			"markerId": "1757",
			"markerName": "EOL_D795",
			"markerPoint": [
				7595.0,
				605.0
			]
		},
		{
			"markerType": "endofline",
			"markerId": "1505",
			"markerName": "EOL_CP4005",
			"markerPoint": [
				-7191.0,
				1109.0
			]
		},
		{
			"markerType": "endofline",
			"markerId": "1379",
			"markerName": "EOL_WFY726T",
			"markerPoint": [
				-8633.0,
				605.0
			]
		},
		{
			"markerType": "endofline",
			"markerId": "1380",
			"markerName": "EOL_WFY627T",
			"markerPoint": [
				-8624.0,
				875.0
			]
		},
		{
			"markerType": "endofline",
			"markerId": "1506",
			"markerName": "EOL_CP4004",
			"markerPoint": [
				-6938.0,
				1168.0
			]
		},
		{
			"markerType": "endofline",
			"markerId": "1855",
			"markerName": "EOL_WTL648_DOWN",
			"markerPoint": [
				6280.0,
				420.0
			]
		},
		{
			"markerType": "endofline",
			"markerId": "1861",
			"markerName": "EOL_WTL676U_RIGHT",
			"markerPoint": [
				6246.0,
				290.0
			]
		},
		{
			"markerType": "markernode",
			"markerId": "1827",
			"markerName": "DMA002 stop",
			"markerPoint": [
				-3577.0,
				605.0
			]
		},
		{
			"markerType": "markernode",
			"markerId": "1824",
			"markerName": "TSC002 stop",
			"markerPoint": [
				-4268.0,
				605.0
			]
		},
		{
			"markerType": "markernode",
			"markerId": "1806",
			"markerName": "SNP002 stop",
			"markerPoint": [
				7315.0,
				605.0
			]
		},
		{
			"markerType": "markernode",
			"markerId": "1803",
			"markerName": "SPG002 start",
			"markerPoint": [
				6815.0,
				605.0
			]
		},
		{
			"markerType": "markernode",
			"markerId": "1774",
			"markerName": "WTL002 stop",
			"markerPoint": [
				5558.0,
				605.0
			]
		},
		{
			"markerType": "markernode",
			"markerId": "1773",
			"markerName": "WTL002 start",
			"markerPoint": [
				5442.0,
				605.0
			]
		},
		{
			"markerType": "markernode",
			"markerId": "1375",
			"markerName": "MAL004 stop",
			"markerPoint": [
				-314.0,
				605.0
			]
		},
		{
			"markerType": "markernode",
			"markerId": "1664",
			"markerName": "DMA001 start",
			"markerPoint": [
				-3641.0,
				875.0
			]
		},
		{
			"markerType": "markernode",
			"markerId": "1465",
			"markerName": "MFY002 stop",
			"markerPoint": [
				-7482.0,
				875.0
			]
		},
		{
			"markerType": "markernode",
			"markerId": "1504",
			"markerName": "FSY002 stop",
			"markerPoint": [
				-7168.0,
				875.0
			]
		},
		{
			"markerType": "markernode",
			"markerId": "1503",
			"markerName": "FSY002 start",
			"markerPoint": [
				-7241.0,
				875.0
			]
		},
		{
			"markerType": "markernode",
			"markerId": "1792",
			"markerName": "SNP001 start",
			"markerPoint": [
				7211.0,
				875.0
			]
		},
		{
			"markerType": "markernode",
			"markerId": "1501",
			"markerName": "FSY001 stop",
			"markerPoint": [
				-7175.0,
				605.0
			]
		},
		{
			"markerType": "markernode",
			"markerId": "1500",
			"markerName": "FSY001 start",
			"markerPoint": [
				-7256.0,
				605.0
			]
		},
		{
			"markerType": "markernode",
			"markerId": "1464",
			"markerName": "MFY002 start",
			"markerPoint": [
				-7563.0,
				875.0
			]
		},
		{
			"markerType": "markernode",
			"markerId": "1462",
			"markerName": "MFY001 stop",
			"markerPoint": [
				-7492.0,
				605.0
			]
		},
		{
			"markerType": "markernode",
			"markerId": "1461",
			"markerName": "MFY001 start",
			"markerPoint": [
				-7573.0,
				605.0
			]
		},
		{
			"markerType": "markernode",
			"markerId": "1433",
			"markerName": "WFY003 stop",
			"markerPoint": [
				-8028.0,
				875.0
			]
		},
		{
			"markerType": "markernode",
			"markerId": "1643",
			"markerName": "PKV002 start",
			"markerPoint": [
				-5530.0,
				605.0
			]
		},
		{
			"markerType": "markernode",
			"markerId": "1234",
			"markerName": "MRB001 start",
			"markerPoint": [
				1607.0,
				875.0
			]
		},
		{
			"markerType": "markernode",
			"markerId": "1412",
			"markerName": "WFY001 start",
			"markerPoint": [
				-8129.0,
				605.0
			]
		},
		{
			"markerType": "markernode",
			"markerId": "1378",
			"markerName": "MAL003 stop",
			"markerPoint": [
				-387.0,
				875.0
			]
		},
		{
			"markerType": "markernode",
			"markerId": "1377",
			"markerName": "MAL003 start",
			"markerPoint": [
				-290.0,
				875.0
			]
		},
		{
			"markerType": "markernode",
			"markerId": "1781",
			"markerName": "WTL001 stop",
			"markerPoint": [
				5560.0,
				875.0
			]
		},
		{
			"markerType": "markernode",
			"markerId": "1372",
			"markerName": "TOR003 stop",
			"markerPoint": [
				-1164.0,
				875.0
			]
		},
		{
			"markerType": "markernode",
			"markerId": "1826",
			"markerName": "DMA002 start",
			"markerPoint": [
				-3660.0,
				605.0
			]
		},
		{
			"markerType": "markernode",
			"markerId": "1814",
			"markerName": "WTL003 stop",
			"markerPoint": [
				5565.0,
				487.0
			]
		},
		{
			"markerType": "markernode",
			"markerId": "1523",
			"markerName": "WFY002 stop",
			"markerPoint": [
				-8038.0,
				750.0
			]
		},
		{
			"markerType": "markernode",
			"markerId": "1125",
			"markerName": "HUN002 start",
			"markerPoint": [
				3794.0,
				605.0
			]
		},
		{
			"markerType": "markernode",
			"markerId": "1135",
			"markerName": "CLA001 stop",
			"markerPoint": [
				4596.0,
				875.0
			]
		},
		{
			"markerType": "markernode",
			"markerId": "1637",
			"markerName": "AEN002 start",
			"markerPoint": [
				-6149.0,
				605.0
			]
		},
		{
			"markerType": "markernode",
			"markerId": "1228",
			"markerName": "CNE001 start",
			"markerPoint": [
				1177.0,
				875.0
			]
		},
		{
			"markerType": "markernode",
			"markerId": "1813",
			"markerName": "WTL003 start",
			"markerPoint": [
				5444.0,
				526.0
			]
		},
		{
			"markerType": "markernode",
			"markerId": "1522",
			"markerName": "WFY002 start",
			"markerPoint": [
				-8128.0,
				750.0
			]
		},
		{
			"markerType": "markernode",
			"markerId": "1640",
			"markerName": "AEN001 start",
			"markerPoint": [
				-6161.0,
				875.0
			]
		},
		{
			"markerType": "markernode",
			"markerId": "1231",
			"markerName": "MRB002 start",
			"markerPoint": [
				1594.0,
				605.0
			]
		},
		{
			"markerType": "markernode",
			"markerId": "1134",
			"markerName": "CLA001 start",
			"markerPoint": [
				4494.0,
				875.0
			]
		},
		{
			"markerType": "markernode",
			"markerId": "1369",
			"markerName": "ARM003 stop",
			"markerPoint": [
				-766.0,
				875.0
			]
		},
		{
			"markerType": "markernode",
			"markerId": "1225",
			"markerName": "CNE002 start",
			"markerPoint": [
				1174.0,
				605.0
			]
		},
		{
			"markerType": "markernode",
			"markerId": "1128",
			"markerName": "HUN001 start",
			"markerPoint": [
				3804.0,
				875.0
			]
		},
		{
			"markerType": "markernode",
			"markerId": "1363",
			"markerName": "ARM004 stop",
			"markerPoint": [
				-677.0,
				605.0
			]
		},
		{
			"markerType": "markernode",
			"markerId": "1222",
			"markerName": "CFD003 start",
			"markerPoint": [
				534.0,
				875.0
			]
		},
		{
			"markerType": "markernode",
			"markerId": "1360",
			"markerName": "TOR004 stop",
			"markerPoint": [
				-1075.0,
				605.0
			]
		},
		{
			"markerType": "markernode",
			"markerId": "1129",
			"markerName": "HUN001 stop",
			"markerPoint": [
				3914.0,
				875.0
			]
		},
		{
			"markerType": "markernode",
			"markerId": "1226",
			"markerName": "CNE002 stop",
			"markerPoint": [
				1273.0,
				605.0
			]
		},
		{
			"markerType": "markernode",
			"markerId": "1413",
			"markerName": "WFY001 stop",
			"markerPoint": [
				-8038.0,
				605.0
			]
		},
		{
			"markerType": "markernode",
			"markerId": "1219",
			"markerName": "CFD004 start",
			"markerPoint": [
				530.0,
				605.0
			]
		},
		{
			"markerType": "markernode",
			"markerId": "1122",
			"markerName": "OAK001 start",
			"markerPoint": [
				3004.0,
				875.0
			]
		},
		{
			"markerType": "markernode",
			"markerId": "1357",
			"markerName": "HKN003 stop",
			"markerPoint": [
				-1594.0,
				875.0
			]
		},
		{
			"markerType": "markernode",
			"markerId": "1120",
			"markerName": "OAK002 stop",
			"markerPoint": [
				3091.0,
				605.0
			]
		},
		{
			"markerType": "markernode",
			"markerId": "1119",
			"markerName": "OAK002 start",
			"markerPoint": [
				2990.0,
				605.0
			]
		},
		{
			"markerType": "markernode",
			"markerId": "1354",
			"markerName": "HKN004 stop",
			"markerPoint": [
				-1500.0,
				605.0
			]
		},
		{
			"markerType": "markernode",
			"markerId": "1805",
			"markerName": "SNP002 start",
			"markerPoint": [
				7205.0,
				605.0
			]
		},
		{
			"markerType": "markernode",
			"markerId": "1223",
			"markerName": "CFD003 stop",
			"markerPoint": [
				627.0,
				875.0
			]
		},
		{
			"markerType": "markernode",
			"markerId": "1126",
			"markerName": "HUN002 stop",
			"markerPoint": [
				3903.0,
				605.0
			]
		},
		{
			"markerType": "markernode",
			"markerId": "1802",
			"markerName": "SPG002 stop",
			"markerPoint": [
				6918.0,
				605.0
			]
		},
		{
			"markerType": "markernode",
			"markerId": "1123",
			"markerName": "OAK001 stop",
			"markerPoint": [
				3102.0,
				875.0
			]
		},
		{
			"markerType": "markernode",
			"markerId": "1220",
			"markerName": "CFD004 stop",
			"markerPoint": [
				617.0,
				605.0
			]
		},
		{
			"markerType": "markernode",
			"markerId": "1646",
			"markerName": "PKV001 start",
			"markerPoint": [
				-5515.0,
				875.0
			]
		},
		{
			"markerType": "markernode",
			"markerId": "1237",
			"markerName": "CLA002 start",
			"markerPoint": [
				4473.0,
				605.0
			]
		},
		{
			"markerType": "markernode",
			"markerId": "1432",
			"markerName": "WFY003 start",
			"markerPoint": [
				-8121.0,
				875.0
			]
		},
		{
			"markerType": "markernode",
			"markerId": "1649",
			"markerName": "TNC002 start",
			"markerPoint": [
				-4918.0,
				605.0
			]
		},
		{
			"markerType": "markernode",
			"markerId": "1240",
			"markerName": "HUG002 start",
			"markerPoint": [
				1991.0,
				605.0
			]
		},
		{
			"markerType": "markernode",
			"markerId": "1229",
			"markerName": "CNE001 stop",
			"markerPoint": [
				1270.0,
				875.0
			]
		},
		{
			"markerType": "markernode",
			"markerId": "1638",
			"markerName": "AEN002 stop",
			"markerPoint": [
				-6082.0,
				605.0
			]
		},
		{
			"markerType": "markernode",
			"markerId": "1652",
			"markerName": "TNC001 start",
			"markerPoint": [
				-4910.0,
				875.0
			]
		},
		{
			"markerType": "markernode",
			"markerId": "1243",
			"markerName": "HUG001 start",
			"markerPoint": [
				2002.0,
				875.0
			]
		},
		{
			"markerType": "markernode",
			"markerId": "1232",
			"markerName": "MRB002 stop",
			"markerPoint": [
				1704.0,
				605.0
			]
		},
		{
			"markerType": "markernode",
			"markerId": "1641",
			"markerName": "AEN001 stop",
			"markerPoint": [
				-6078.0,
				875.0
			]
		},
		{
			"markerType": "markernode",
			"markerId": "1347",
			"markerName": "SYR006 start",
			"markerPoint": [
				-2931.0,
				1082.0
			]
		},
		{
			"markerType": "markernode",
			"markerId": "1350",
			"markerName": "SYR005 start",
			"markerPoint": [
				-2615.0,
				1096.0
			]
		},
		{
			"markerType": "markernode",
			"markerId": "1351",
			"markerName": "SYR005 stop",
			"markerPoint": [
				-2655.0,
				1172.0
			]
		},
		{
			"markerType": "markernode",
			"markerId": "1235",
			"markerName": "MRB001 stop",
			"markerPoint": [
				1699.0,
				875.0
			]
		},
		{
			"markerType": "markernode",
			"markerId": "1644",
			"markerName": "PKV002 stop",
			"markerPoint": [
				-5445.0,
				605.0
			]
		},
		{
			"markerType": "markernode",
			"markerId": "1353",
			"markerName": "HKN004 start",
			"markerPoint": [
				-1620.0,
				605.0
			]
		},
		{
			"markerType": "markernode",
			"markerId": "1238",
			"markerName": "CLA002 stop",
			"markerPoint": [
				4579.0,
				605.0
			]
		},
		{
			"markerType": "markernode",
			"markerId": "1647",
			"markerName": "PKV001 stop",
			"markerPoint": [
				-5433.0,
				875.0
			]
		},
		{
			"markerType": "markernode",
			"markerId": "1658",
			"markerName": "TSC001 start",
			"markerPoint": [
				-4354.0,
				875.0
			]
		},
		{
			"markerType": "markernode",
			"markerId": "1356",
			"markerName": "HKN003 start",
			"markerPoint": [
				-1479.0,
				875.0
			]
		},
		{
			"markerType": "markernode",
			"markerId": "1241",
			"markerName": "HUG002 stop",
			"markerPoint": [
				2091.0,
				605.0
			]
		},
		{
			"markerType": "markernode",
			"markerId": "1650",
			"markerName": "TNC002 stop",
			"markerPoint": [
				-4836.0,
				605.0
			]
		},
		{
			"markerType": "markernode",
			"markerId": "1359",
			"markerName": "TOR004 start",
			"markerPoint": [
				-1178.0,
				605.0
			]
		},
		{
			"markerType": "markernode",
			"markerId": "1348",
			"markerName": "SYR006 stop",
			"markerPoint": [
				-2898.0,
				1012.0
			]
		},
		{
			"markerType": "markernode",
			"markerId": "1244",
			"markerName": "HUG001 stop",
			"markerPoint": [
				2105.0,
				875.0
			]
		},
		{
			"markerType": "markernode",
			"markerId": "1653",
			"markerName": "TNC001 stop",
			"markerPoint": [
				-4820.0,
				875.0
			]
		},
		{
			"markerType": "markernode",
			"markerId": "1362",
			"markerName": "ARM004 start",
			"markerPoint": [
				-776.0,
				605.0
			]
		},
		{
			"markerType": "markernode",
			"markerId": "1368",
			"markerName": "ARM003 start",
			"markerPoint": [
				-658.0,
				875.0
			]
		},
		{
			"markerType": "markernode",
			"markerId": "1780",
			"markerName": "WTL001 start",
			"markerPoint": [
				5443.0,
				875.0
			]
		},
		{
			"markerType": "markernode",
			"markerId": "1371",
			"markerName": "TOR003 start",
			"markerPoint": [
				-1059.0,
				875.0
			]
		},
		{
			"markerType": "markernode",
			"markerId": "1665",
			"markerName": "DMA001 stop",
			"markerPoint": [
				-3546.0,
				875.0
			]
		},
		{
			"markerType": "markernode",
			"markerId": "1374",
			"markerName": "MAL004 start",
			"markerPoint": [
				-407.0,
				605.0
			]
		},
		{
			"markerType": "markernode",
			"markerId": "1659",
			"markerName": "TSC001 stop",
			"markerPoint": [
				-4269.0,
				875.0
			]
		},
		{
			"markerType": "markernode",
			"markerId": "1790",
			"markerName": "SPG001 stop",
			"markerPoint": [
				6939.0,
				875.0
			]
		},
		{
			"markerType": "markernode",
			"markerId": "1793",
			"markerName": "SNP001 stop",
			"markerPoint": [
				7331.0,
				875.0
			]
		},
		{
			"markerType": "markernode",
			"markerId": "1823",
			"markerName": "TSC002 start",
			"markerPoint": [
				-4351.0,
				605.0
			]
		},
		{
			"markerType": "markernode",
			"markerId": "1789",
			"markerName": "SPG001 start",
			"markerPoint": [
				6835.0,
				875.0
			]
		}
	],
	"lines": [
		[
			{
				"lat": 6256.0,
				"lng": 290.0
			},
			{
				"lat": 6243.0,
				"lng": 291.0
			}
		],
		[
			{
				"lat": 6012.0,
				"lng": 290.0
			},
			{
				"lat": 6007.0,
				"lng": 285.0
			}
		],
		[
			{
				"lat": 6277.0 ,
				"lng": 410.0
			},
			{
				"lat": 6280.0,
				"lng": 420.0
			}
		],
		[
			{
				"lat": 6329.0,
				"lng": 605.0
			},
			{
				"lat": 6217.0,
				"lng": 410.0
			}
		],
		[
			{
				"lat": 5241.0,
				"lng": 875.0
			},
			{
				"lat": 5327.0,
				"lng": 605.0
			}
		],
		[
			{
				"lat": 5245.0,
				"lng": 605.0
			},
			{
				"lat": 5444.0,
				"lng": 526.0
			}
		],
		[
			{
				"lat": 5565.0,
				"lng": 487.0
			},
			{
				"lat": 5444.0,
				"lng": 526.0
			}
		],
		[
			{
				"lat": 5924.0,
				"lng": 410.0
			},
			{
				"lat": 5565.0,
				"lng": 487.0
			}
		],
		[
			{
				"lat": 6507.0,
				"lng": 605.0
			},
			{
				"lat": 6815.0,
				"lng": 605.0
			}
		],
		[
			{
				"lat": 6815.0,
				"lng": 605.0
			},
			{
				"lat": 6918.0,
				"lng": 605.0
			}
		],
		[
			{
				"lat": 7205.0,
				"lng": 605.0
			},
			{
				"lat": 6918.0,
				"lng": 605.0
			}
		],
		[
			{
				"lat": 7315.0,
				"lng": 605.0
			},
			{
				"lat": 7205.0,
				"lng": 605.0
			}
		],
		[
			{
				"lat": 7595.0,
				"lng": 605.0
			},
			{
				"lat": 7315.0,
				"lng": 605.0
			}
		],
		[
			{
				"lat": 6707.0,
				"lng": 875.0
			},
			{
				"lat": 6835.0,
				"lng": 875.0
			}
		],
		[
			{
				"lat": 6939.0,
				"lng": 875.0
			},
			{
				"lat": 6835.0,
				"lng": 875.0
			}
		],
		[
			{
				"lat": 7211.0,
				"lng": 875.0
			},
			{
				"lat": 6939.0,
				"lng": 875.0
			}
		],
		[
			{
				"lat": 7211.0,
				"lng": 875.0
			},
			{
				"lat": 7331.0,
				"lng": 875.0
			}
		],
		[
			{
				"lat": 7443.0,
				"lng": 875.0
			},
			{
				"lat": 7331.0,
				"lng": 875.0
			}
		],
		[
			{
				"lat": 5241.0,
				"lng": 875.0
			},
			{
				"lat": 5443.0,
				"lng": 875.0
			}
		],
		[
			{
				"lat": 5560.0,
				"lng": 875.0
			},
			{
				"lat": 5443.0,
				"lng": 875.0
			}
		],
		[
			{
				"lat": 5706.0,
				"lng": 875.0
			},
			{
				"lat": 5560.0,
				"lng": 875.0
			}
		],
		[
			{
				"lat": 5327.0,
				"lng": 605.0
			},
			{
				"lat": 5442.0,
				"lng": 605.0
			}
		],
		[
			{
				"lat": 5558.0,
				"lng": 605.0
			},
			{
				"lat": 5442.0,
				"lng": 605.0
			}
		],
		[
			{
				"lat": 5839.0,
				"lng": 605.0
			},
			{
				"lat": 5558.0,
				"lng": 605.0
			}
		],
		[
			{
				"lat": 6707.0,
				"lng": 875.0
			},
			{
				"lat": 6507.0,
				"lng": 605.0
			}
		],
		[
			{
				"lat": 6475.0,
				"lng": 605.0
			},
			{
				"lat": 6362.0,
				"lng": 410.0
			}
		],
		[
			{
				"lat": 5924.0,
				"lng": 410.0
			},
			{
				"lat": 5864.0,
				"lng": 605.0
			}
		],
		[
			{
				"lat": 6099.0,
				"lng": 290.0
			},
			{
				"lat": 6037.0,
				"lng": 410.0
			}
		],
		[
			{
				"lat": 6161.0,
				"lng": 290.0
			},
			{
				"lat": 6195.0,
				"lng": 410.0
			}
		],
		[
			{
				"lat": 6317.0,
				"lng": 410.0
			},
			{
				"lat": 6256.0,
				"lng": 290.0
			}
		],
		[
			{
				"lat": 6161.0,
				"lng": 290.0
			},
			{
				"lat": 6256.0,
				"lng": 290.0
			}
		],
		[
			{
				"lat": 6317.0,
				"lng": 410.0
			},
			{
				"lat": 6362.0,
				"lng": 410.0
			}
		],
		[
			{
				"lat": 6317.0,
				"lng": 410.0
			},
			{
				"lat": 6277.0,
				"lng": 410.0
			}
		],
		[
			{
				"lat": 6217.0,
				"lng": 410.0
			},
			{
				"lat": 6277.0,
				"lng": 410.0
			}
		],
		[
			{
				"lat": 6195.0,
				"lng": 410.0
			},
			{
				"lat": 6217.0,
				"lng": 410.0
			}
		],
		[
			{
				"lat": 6037.0,
				"lng": 410.0
			},
			{
				"lat": 6195.0,
				"lng": 410.0
			}
		],
		[
			{
				"lat": 6037.0,
				"lng": 410.0
			},
			{
				"lat": 5924.0,
				"lng": 410.0
			}
		],
		[
			{
				"lat": 6099.0,
				"lng": 290.0
			},
			{
				"lat": 6161.0,
				"lng": 290.0
			}
		],
		[
			{
				"lat": 6099.0,
				"lng": 290.0
			},
			{
				"lat": 6031.0,
				"lng": 290.0
			}
		],
		[
			{
				"lat": 6031.0,
				"lng": 290.0
			},
			{
				"lat": 6012.0,
				"lng": 290.0
			}
		],
		[
			{
				"lat": 6012.0,
				"lng": 290.0
			},
			{
				"lat": 5924.0,
				"lng": 410.0
			}
		],
		[
			{
				"lat": 5924.0,
				"lng": 410.0
			},
			{
				"lat": 5924.0,
				"lng": 410.0
			}
		],
		[
			{
				"lat": 5839.0,
				"lng": 605.0
			},
			{
				"lat": 5706.0,
				"lng": 875.0
			}
		],
		[
			{
				"lat": 6475.0,
				"lng": 605.0
			},
			{
				"lat": 6507.0,
				"lng": 605.0
			}
		],
		[
			{
				"lat": 6329.0,
				"lng": 605.0
			},
			{
				"lat": 6475.0,
				"lng": 605.0
			}
		],
		[
			{
				"lat": 5706.0,
				"lng": 875.0
			},
			{
				"lat": 6707.0,
				"lng": 875.0
			}
		],
		[
			{
				"lat": 5864.0,
				"lng": 605.0
			},
			{
				"lat": 6329.0,
				"lng": 605.0
			}
		],
		[
			{
				"lat": 5839.0,
				"lng": 605.0
			},
			{
				"lat": 5864.0,
				"lng": 605.0
			}
		],
		[
			{
				"lat": 5245.0,
				"lng": 605.0
			},
			{
				"lat": 5327.0,
				"lng": 605.0
			}
		],
		[
			{
				"lat": 5154.0,
				"lng": 875.0
			},
			{
				"lat": 5241.0,
				"lng": 875.0
			}
		],
		[
			{
				"lat": 5245.0,
				"lng": 605.0
			},
			{
				"lat": 5153.0,
				"lng": 605.0
			}
		],
		[
			{
				"lat": -6834.0,
				"lng": 875.0
			},
			{
				"lat": -6161.0,
				"lng": 875.0
			}
		],
		[
			{
				"lat": -6161.0,
				"lng": 875.0
			},
			{
				"lat": -6078.0,
				"lng": 875.0
			}
		],
		[
			{
				"lat": -5515.0,
				"lng": 875.0
			},
			{
				"lat": -6078.0,
				"lng": 875.0
			}
		],
		[
			{
				"lat": -5515.0,
				"lng": 875.0
			},
			{
				"lat": -5433.0,
				"lng": 875.0
			}
		],
		[
			{
				"lat": -4910.0,
				"lng": 875.0
			},
			{
				"lat": -5433.0,
				"lng": 875.0
			}
		],
		[
			{
				"lat": -4910.0,
				"lng": 875.0
			},
			{
				"lat": -4820.0,
				"lng": 875.0
			}
		],
		[
			{
				"lat": -4354.0,
				"lng": 875.0
			},
			{
				"lat": -4820.0,
				"lng": 875.0
			}
		],
		[
			{
				"lat": -4354.0,
				"lng": 875.0
			},
			{
				"lat": -4269.0,
				"lng": 875.0
			}
		],
		[
			{
				"lat": -3641.0,
				"lng": 875.0
			},
			{
				"lat": -4269.0,
				"lng": 875.0
			}
		],
		[
			{
				"lat": -3641.0,
				"lng": 875.0
			},
			{
				"lat": -3546.0,
				"lng": 875.0
			}
		],
		[
			{
				"lat": -2509.0,
				"lng": 875.0
			},
			{
				"lat": -3546.0,
				"lng": 875.0
			}
		],
		[
			{
				"lat": -6993.0,
				"lng": 605.0
			},
			{
				"lat": -6149.0,
				"lng": 605.0
			}
		],
		[
			{
				"lat": -6149.0,
				"lng": 605.0
			},
			{
				"lat": -6082.0,
				"lng": 605.0
			}
		],
		[
			{
				"lat": -5530.0,
				"lng": 605.0
			},
			{
				"lat": -6082.0,
				"lng": 605.0
			}
		],
		[
			{
				"lat": -5530.0,
				"lng": 605.0
			},
			{
				"lat": -5445.0,
				"lng": 605.0
			}
		],
		[
			{
				"lat": -4918.0,
				"lng": 605.0
			},
			{
				"lat": -5445.0,
				"lng": 605.0
			}
		],
		[
			{
				"lat": -4918.0,
				"lng": 605.0
			},
			{
				"lat": -4836.0,
				"lng": 605.0
			}
		],
		[
			{
				"lat": -4836.0,
				"lng": 605.0
			},
			{
				"lat": -4351.0,
				"lng": 605.0
			}
		],
		[
			{
				"lat": -4268.0,
				"lng": 605.0
			},
			{
				"lat": -4351.0,
				"lng": 605.0
			}
		],
		[
			{
				"lat": -4268.0,
				"lng": 605.0
			},
			{
				"lat": -3660.0,
				"lng": 605.0
			}
		],
		[
			{
				"lat": -3577.0,
				"lng": 605.0
			},
			{
				"lat": -3660.0,
				"lng": 605.0
			}
		],
		[
			{
				"lat": -2694.0,
				"lng": 605.0
			},
			{
				"lat": -3577.0,
				"lng": 605.0
			}
		],
		[
			{
				"lat": -6834.0,
				"lng": 875.0
			},
			{
				"lat": -6938.0,
				"lng": 1168.0
			}
		],
		[
			{
				"lat": -3029.0,
				"lng": 1276.0
			},
			{
				"lat": -2931.0,
				"lng": 1082.0
			}
		],
		[
			{
				"lat": -2931.0,
				"lng": 1082.0
			},
			{
				"lat": -2898.0,
				"lng": 1012.0
			}
		],
		[
			{
				"lat": -2694.0,
				"lng": 605.0
			},
			{
				"lat": -2898.0,
				"lng": 1012.0
			}
		],
		[
			{
				"lat": -2509.0,
				"lng": 875.0
			},
			{
				"lat": -2003.0,
				"lng": 875.0
			}
		],
		[
			{
				"lat": -2101.0,
				"lng": 605.0
			},
			{
				"lat": -2694.0,
				"lng": 605.0
			}
		],
		[
			{
				"lat": -1892.0,
				"lng": 875.0
			},
			{
				"lat": -2003.0,
				"lng": 875.0
			}
		],
		[
			{
				"lat": -1767.0,
				"lng": 605.0
			},
			{
				"lat": -2101.0,
				"lng": 605.0
			}
		],
		[
			{
				"lat": 882.0,
				"lng": 875.0
			},
			{
				"lat": 986.0,
				"lng": 605.0
			}
		],
		[
			{
				"lat": 192.0,
				"lng": 875.0
			},
			{
				"lat": 340.0,
				"lng": 605.0
			}
		],
		[
			{
				"lat": 82.0,
				"lng": 875.0
			},
			{
				"lat": -79.0,
				"lng": 605.0
			}
		],
		[
			{
				"lat": 82.0,
				"lng": 875.0
			},
			{
				"lat": 192.0,
				"lng": 875.0
			}
		],
		[
			{
				"lat": 340.0,
				"lng": 605.0
			},
			{
				"lat": -79.0,
				"lng": 605.0
			}
		],
		[
			{
				"lat": 3422.0,
				"lng": 875.0
			},
			{
				"lat": 3804.0,
				"lng": 875.0
			}
		],
		[
			{
				"lat": 3804.0,
				"lng": 875.0
			},
			{
				"lat": 3914.0,
				"lng": 875.0
			}
		],
		[
			{
				"lat": 4494.0,
				"lng": 875.0
			},
			{
				"lat": 3914.0,
				"lng": 875.0
			}
		],
		[
			{
				"lat": 4596.0,
				"lng": 875.0
			},
			{
				"lat": 4494.0,
				"lng": 875.0
			}
		],
		[
			{
				"lat": 5154.0,
				"lng": 875.0
			},
			{
				"lat": 4596.0,
				"lng": 875.0
			}
		],
		[
			{
				"lat": -1767.0,
				"lng": 605.0
			},
			{
				"lat": -1620.0,
				"lng": 605.0
			}
		],
		[
			{
				"lat": -1500.0,
				"lng": 605.0
			},
			{
				"lat": -1620.0,
				"lng": 605.0
			}
		],
		[
			{
				"lat": -1500.0,
				"lng": 605.0
			},
			{
				"lat": -1178.0,
				"lng": 605.0
			}
		],
		[
			{
				"lat": -1075.0,
				"lng": 605.0
			},
			{
				"lat": -1178.0,
				"lng": 605.0
			}
		],
		[
			{
				"lat": -1075.0,
				"lng": 605.0
			},
			{
				"lat": -776.0,
				"lng": 605.0
			}
		],
		[
			{
				"lat": -677.0,
				"lng": 605.0
			},
			{
				"lat": -776.0,
				"lng": 605.0
			}
		],
		[
			{
				"lat": -677.0,
				"lng": 605.0
			},
			{
				"lat": -407.0,
				"lng": 605.0
			}
		],
		[
			{
				"lat": -314.0,
				"lng": 605.0
			},
			{
				"lat": -407.0,
				"lng": 605.0
			}
		],
		[
			{
				"lat": -79.0,
				"lng": 605.0
			},
			{
				"lat": -314.0,
				"lng": 605.0
			}
		],
		[
			{
				"lat": 2394.0,
				"lng": 875.0
			},
			{
				"lat": 3004.0,
				"lng": 875.0
			}
		],
		[
			{
				"lat": 3004.0,
				"lng": 875.0
			},
			{
				"lat": 3102.0,
				"lng": 875.0
			}
		],
		[
			{
				"lat": 3422.0,
				"lng": 875.0
			},
			{
				"lat": 3102.0,
				"lng": 875.0
			}
		],
		[
			{
				"lat": -6993.0,
				"lng": 605.0
			},
			{
				"lat": -7191.0,
				"lng": 1109.0
			}
		],
		[
			{
				"lat": 6362.0,
				"lng": 410.0
			},
			{
				"lat": 6246.0,
				"lng": 290.0
			}
		],
		[
			{
				"lat": 3525.0,
				"lng": 605.0
			},
			{
				"lat": 3794.0,
				"lng": 605.0
			}
		],
		[
			{
				"lat": 3794.0,
				"lng": 605.0
			},
			{
				"lat": 3903.0,
				"lng": 605.0
			}
		],
		[
			{
				"lat": 3903.0,
				"lng": 605.0
			},
			{
				"lat": 4473.0,
				"lng": 605.0
			}
		],
		[
			{
				"lat": 4473.0,
				"lng": 605.0
			},
			{
				"lat": 4579.0,
				"lng": 605.0
			}
		],
		[
			{
				"lat": 5153.0,
				"lng": 605.0
			},
			{
				"lat": 4579.0,
				"lng": 605.0
			}
		],
		[
			{
				"lat": -7413.0,
				"lng": 605.0
			},
			{
				"lat": -7256.0,
				"lng": 605.0
			}
		],
		[
			{
				"lat": -7175.0,
				"lng": 605.0
			},
			{
				"lat": -7256.0,
				"lng": 605.0
			}
		],
		[
			{
				"lat": -6993.0,
				"lng": 605.0
			},
			{
				"lat": -7175.0,
				"lng": 605.0
			}
		],
		[
			{
				"lat": -2737.0,
				"lng": 1330.0
			},
			{
				"lat": -2655.0,
				"lng": 1172.0
			}
		],
		[
			{
				"lat": -2615.0,
				"lng": 1096.0
			},
			{
				"lat": -2655.0,
				"lng": 1172.0
			}
		],
		[
			{
				"lat": -2509.0,
				"lng": 875.0
			},
			{
				"lat": -2615.0,
				"lng": 1096.0
			}
		],
		[
			{
				"lat": 6031.0,
				"lng": 290.0
			},
			{
				"lat": 6028.0,
				"lng": 284.0
			}
		],
		[
			{
				"lat": 2487.0,
				"lng": 605.0
			},
			{
				"lat": 2990.0,
				"lng": 605.0
			}
		],
		[
			{
				"lat": 3091.0,
				"lng": 605.0
			},
			{
				"lat": 2990.0,
				"lng": 605.0
			}
		],
		[
			{
				"lat": 3525.0,
				"lng": 605.0
			},
			{
				"lat": 3091.0,
				"lng": 605.0
			}
		],
		[
			{
				"lat": -7413.0,
				"lng": 605.0
			},
			{
				"lat": -7342.0,
				"lng": 875.0
			}
		],
		[
			{
				"lat": 2487.0,
				"lng": 605.0
			},
			{
				"lat": 2394.0,
				"lng": 875.0
			}
		],
		[
			{
				"lat": 3525.0,
				"lng": 605.0
			},
			{
				"lat": 3422.0,
				"lng": 875.0
			}
		],
		[
			{
				"lat": 986.0,
				"lng": 605.0
			},
			{
				"lat": 1174.0,
				"lng": 605.0
			}
		],
		[
			{
				"lat": 1174.0,
				"lng": 605.0
			},
			{
				"lat": 1273.0,
				"lng": 605.0
			}
		],
		[
			{
				"lat": 1594.0,
				"lng": 605.0
			},
			{
				"lat": 1273.0,
				"lng": 605.0
			}
		],
		[
			{
				"lat": 1594.0,
				"lng": 605.0
			},
			{
				"lat": 1704.0,
				"lng": 605.0
			}
		],
		[
			{
				"lat": 1991.0,
				"lng": 605.0
			},
			{
				"lat": 1704.0,
				"lng": 605.0
			}
		],
		[
			{
				"lat": 1991.0,
				"lng": 605.0
			},
			{
				"lat": 2091.0,
				"lng": 605.0
			}
		],
		[
			{
				"lat": 2487.0,
				"lng": 605.0
			},
			{
				"lat": 2091.0,
				"lng": 605.0
			}
		],
		[
			{
				"lat": 882.0,
				"lng": 875.0
			},
			{
				"lat": 1177.0,
				"lng": 875.0
			}
		],
		[
			{
				"lat": 1177.0,
				"lng": 875.0
			},
			{
				"lat": 1270.0,
				"lng": 875.0
			}
		],
		[
			{
				"lat": 1607.0,
				"lng": 875.0
			},
			{
				"lat": 1270.0,
				"lng": 875.0
			}
		],
		[
			{
				"lat": 1607.0,
				"lng": 875.0
			},
			{
				"lat": 1699.0,
				"lng": 875.0
			}
		],
		[
			{
				"lat": 2002.0,
				"lng": 875.0
			},
			{
				"lat": 1699.0,
				"lng": 875.0
			}
		],
		[
			{
				"lat": 2002.0,
				"lng": 875.0
			},
			{
				"lat": 2105.0,
				"lng": 875.0
			}
		],
		[
			{
				"lat": 2394.0,
				"lng": 875.0
			},
			{
				"lat": 2105.0,
				"lng": 875.0
			}
		],
		[
			{
				"lat": 340.0,
				"lng": 605.0
			},
			{
				"lat": 530.0,
				"lng": 605.0
			}
		],
		[
			{
				"lat": 530.0,
				"lng": 605.0
			},
			{
				"lat": 617.0,
				"lng": 605.0
			}
		],
		[
			{
				"lat": 986.0,
				"lng": 605.0
			},
			{
				"lat": 617.0,
				"lng": 605.0
			}
		],
		[
			{
				"lat": 192.0,
				"lng": 875.0
			},
			{
				"lat": 534.0,
				"lng": 875.0
			}
		],
		[
			{
				"lat": 534.0,
				"lng": 875.0
			},
			{
				"lat": 627.0,
				"lng": 875.0
			}
		],
		[
			{
				"lat": 882.0,
				"lng": 875.0
			},
			{
				"lat": 627.0,
				"lng": 875.0
			}
		],
		[
			{
				"lat": -1892.0,
				"lng": 875.0
			},
			{
				"lat": -1594.0,
				"lng": 875.0
			}
		],
		[
			{
				"lat": -1594.0,
				"lng": 875.0
			},
			{
				"lat": -1479.0,
				"lng": 875.0
			}
		],
		[
			{
				"lat": -1164.0,
				"lng": 875.0
			},
			{
				"lat": -1479.0,
				"lng": 875.0
			}
		],
		[
			{
				"lat": -1164.0,
				"lng": 875.0
			},
			{
				"lat": -1059.0,
				"lng": 875.0
			}
		],
		[
			{
				"lat": -766.0,
				"lng": 875.0
			},
			{
				"lat": -1059.0,
				"lng": 875.0
			}
		],
		[
			{
				"lat": -766.0,
				"lng": 875.0
			},
			{
				"lat": -658.0,
				"lng": 875.0
			}
		],
		[
			{
				"lat": -387.0,
				"lng": 875.0
			},
			{
				"lat": -658.0,
				"lng": 875.0
			}
		],
		[
			{
				"lat": -387.0,
				"lng": 875.0
			},
			{
				"lat": -290.0,
				"lng": 875.0
			}
		],
		[
			{
				"lat": 82.0,
				"lng": 875.0
			},
			{
				"lat": -290.0,
				"lng": 875.0
			}
		],
		[
			{
				"lat": -2101.0,
				"lng": 605.0
			},
			{
				"lat": -2003.0,
				"lng": 875.0
			}
		],
		[
			{
				"lat": -1767.0,
				"lng": 605.0
			},
			{
				"lat": -1892.0,
				"lng": 875.0
			}
		],
		[
			{
				"lat": -8509.0,
				"lng": 605.0
			},
			{
				"lat": -8633.0,
				"lng": 605.0
			}
		],
		[
			{
				"lat": -8509.0,
				"lng": 605.0
			},
			{
				"lat": -8421.0,
				"lng": 750.0
			}
		],
		[
			{
				"lat": -8235.0,
				"lng": 605.0
			},
			{
				"lat": -8509.0,
				"lng": 605.0
			}
		],
		[
			{
				"lat": -8235.0,
				"lng": 605.0
			},
			{
				"lat": -8271.0,
				"lng": 750.0
			}
		],
		[
			{
				"lat": -8271.0,
				"lng": 750.0
			},
			{
				"lat": -8421.0,
				"lng": 750.0
			}
		],
		[
			{
				"lat": -8447.0,
				"lng": 875.0
			},
			{
				"lat": -8624.0,
				"lng": 875.0
			}
		],
		[
			{
				"lat": -8421.0,
				"lng": 750.0
			},
			{
				"lat": -8447.0,
				"lng": 875.0
			}
		],
		[
			{
				"lat": -8235.0,
				"lng": 605.0
			},
			{
				"lat": -8129.0,
				"lng": 605.0
			}
		],
		[
			{
				"lat": -8129.0,
				"lng": 605.0
			},
			{
				"lat": -8038.0,
				"lng": 605.0
			}
		],
		[
			{
				"lat": -7851.0,
				"lng": 605.0
			},
			{
				"lat": -8038.0,
				"lng": 605.0
			}
		],
		[
			{
				"lat": -7851.0,
				"lng": 605.0
			},
			{
				"lat": -7909.0,
				"lng": 750.0
			}
		],
		[
			{
				"lat": -7909.0,
				"lng": 750.0
			},
			{
				"lat": -8038.0,
				"lng": 750.0
			}
		],
		[
			{
				"lat": -8038.0,
				"lng": 750.0
			},
			{
				"lat": -8128.0,
				"lng": 750.0
			}
		],
		[
			{
				"lat": -8271.0,
				"lng": 750.0
			},
			{
				"lat": -8128.0,
				"lng": 750.0
			}
		],
		[
			{
				"lat": -7865.0,
				"lng": 875.0
			},
			{
				"lat": -7909.0,
				"lng": 750.0
			}
		],
		[
			{
				"lat": -8447.0,
				"lng": 875.0
			},
			{
				"lat": -8121.0,
				"lng": 875.0
			}
		],
		[
			{
				"lat": -8028.0,
				"lng": 875.0
			},
			{
				"lat": -8121.0,
				"lng": 875.0
			}
		],
		[
			{
				"lat": -7865.0,
				"lng": 875.0
			},
			{
				"lat": -8028.0,
				"lng": 875.0
			}
		],
		[
			{
				"lat": -7664.0,
				"lng": 605.0
			},
			{
				"lat": -7851.0,
				"lng": 605.0
			}
		],
		[
			{
				"lat": -7734.0,
				"lng": 875.0
			},
			{
				"lat": -7865.0,
				"lng": 875.0
			}
		],
		[
			{
				"lat": -7734.0,
				"lng": 875.0
			},
			{
				"lat": -7664.0,
				"lng": 605.0
			}
		],
		[
			{
				"lat": -7664.0,
				"lng": 605.0
			},
			{
				"lat": -7573.0,
				"lng": 605.0
			}
		],
		[
			{
				"lat": -7492.0,
				"lng": 605.0
			},
			{
				"lat": -7573.0,
				"lng": 605.0
			}
		],
		[
			{
				"lat": -7413.0,
				"lng": 605.0
			},
			{
				"lat": -7492.0,
				"lng": 605.0
			}
		],
		[
			{
				"lat": -7734.0,
				"lng": 875.0
			},
			{
				"lat": -7563.0,
				"lng": 875.0
			}
		],
		[
			{
				"lat": -7482.0,
				"lng": 875.0
			},
			{
				"lat": -7563.0,
				"lng": 875.0
			}
		],
		[
			{
				"lat": -7342.0,
				"lng": 875.0
			},
			{
				"lat": -7482.0,
				"lng": 875.0
			}
		],
		[
			{
				"lat": -7342.0,
				"lng": 875.0
			},
			{
				"lat": -7241.0,
				"lng": 875.0
			}
		],
		[
			{
				"lat": -7168.0,
				"lng": 875.0
			},
			{
				"lat": -7241.0,
				"lng": 875.0
			}
		],
		[
			{
				"lat": -6834.0,
				"lng": 875.0
			},
			{
				"lat": -7168.0,
				"lng": 875.0
			}
		]
	]
}